load,1.0
train,0.11300000138580799
test,0.11211764855419888
