load,0.0
train,0.14733333542943
test,0.11755555793642998
